-- Persons for Branding Lions
INSERT INTO persons (id, first_name, last_name, gender, dob, ic_or_passport, nationality, email, created_at) VALUES 
('10000000-0000-0000-0000-000000000001', 'John', 'Lion', 'MALE', '1995-01-01', 'P12345678', 'Malaysia', 'john.lion@example.com', CURRENT_TIMESTAMP),
('10000000-0000-0000-0000-000000000002', 'James', 'Lion', 'MALE', '1996-02-02', 'P23456789', 'Malaysia', 'james.lion@example.com', CURRENT_TIMESTAMP),
('10000000-0000-0000-0000-000000000003', 'Robert', 'Lion', 'MALE', '1994-03-03', 'P34567890', 'Malaysia', 'robert.lion@example.com', CURRENT_TIMESTAMP)
ON CONFLICT (id) DO NOTHING;

-- Persons for Branding Tigers
INSERT INTO persons (id, first_name, last_name, gender, dob, ic_or_passport, nationality, email, created_at) VALUES 
('20000000-0000-0000-0000-000000000001', 'Tom', 'Tiger', 'MALE', '1997-04-04', 'P45678901', 'Malaysia', 'tom.tiger@example.com', CURRENT_TIMESTAMP),
('20000000-0000-0000-0000-000000000002', 'Tim', 'Tiger', 'MALE', '1998-05-05', 'P56789012', 'Malaysia', 'tim.tiger@example.com', CURRENT_TIMESTAMP),
('20000000-0000-0000-0000-000000000003', 'Terry', 'Tiger', 'MALE', '1993-06-06', 'P67890123', 'Malaysia', 'terry.tiger@example.com', CURRENT_TIMESTAMP)
ON CONFLICT (id) DO NOTHING;

-- Players (Linking to Persons)
INSERT INTO players (id, person_id, status, created_at) VALUES 
('30000000-0000-0000-0000-000000000001', '10000000-0000-0000-0000-000000000001', 'ACTIVE', CURRENT_TIMESTAMP),
('30000000-0000-0000-0000-000000000002', '10000000-0000-0000-0000-000000000002', 'ACTIVE', CURRENT_TIMESTAMP),
('30000000-0000-0000-0000-000000000003', '10000000-0000-0000-0000-000000000003', 'ACTIVE', CURRENT_TIMESTAMP),
('40000000-0000-0000-0000-000000000001', '20000000-0000-0000-0000-000000000001', 'ACTIVE', CURRENT_TIMESTAMP),
('40000000-0000-0000-0000-000000000002', '20000000-0000-0000-0000-000000000002', 'ACTIVE', CURRENT_TIMESTAMP),
('40000000-0000-0000-0000-000000000003', '20000000-0000-0000-0000-000000000003', 'ACTIVE', CURRENT_TIMESTAMP)
ON CONFLICT (id) DO NOTHING;

-- Player Season Lifecycles (Required for visibility in orgs)
-- Branding Test Club ID: 11111111-1111-1111-1111-111111111111
INSERT INTO player_season_lifecycles (id, player_id, organisation_id, season_year, age_group, auto_age_up) VALUES
(gen_random_uuid(), '30000000-0000-0000-0000-000000000001', '11111111-1111-1111-1111-111111111111', 2025, 'SENIOR', TRUE),
(gen_random_uuid(), '30000000-0000-0000-0000-000000000002', '11111111-1111-1111-1111-111111111111', 2025, 'SENIOR', TRUE),
(gen_random_uuid(), '30000000-0000-0000-0000-000000000003', '11111111-1111-1111-1111-111111111111', 2025, 'SENIOR', TRUE),
(gen_random_uuid(), '40000000-0000-0000-0000-000000000001', '11111111-1111-1111-1111-111111111111', 2025, 'SENIOR', TRUE),
(gen_random_uuid(), '40000000-0000-0000-0000-000000000002', '11111111-1111-1111-1111-111111111111', 2025, 'SENIOR', TRUE),
(gen_random_uuid(), '40000000-0000-0000-0000-000000000003', '11111111-1111-1111-1111-111111111111', 2025, 'SENIOR', TRUE)
ON CONFLICT DO NOTHING;

-- Team Players Assignment
-- Lions ID: 44444444-4444-4444-4444-444444444444
-- Tigers ID: 55555555-5555-5555-5555-555555555555
INSERT INTO player_teams (id, team_id, player_id, position, joined_date) VALUES
(gen_random_uuid(), '44444444-4444-4444-4444-444444444444', '30000000-0000-0000-0000-000000000001', 'Flyhalf', CURRENT_DATE),
(gen_random_uuid(), '44444444-4444-4444-4444-444444444444', '30000000-0000-0000-0000-000000000002', 'Winger', CURRENT_DATE),
(gen_random_uuid(), '44444444-4444-4444-4444-444444444444', '30000000-0000-0000-0000-000000000003', 'Prop', CURRENT_DATE),
(gen_random_uuid(), '55555555-5555-5555-5555-555555555555', '40000000-0000-0000-0000-000000000001', 'Flyhalf', CURRENT_DATE),
(gen_random_uuid(), '55555555-5555-5555-5555-555555555555', '40000000-0000-0000-0000-000000000002', 'Fullback', CURRENT_DATE),
(gen_random_uuid(), '55555555-5555-5555-5555-555555555555', '40000000-0000-0000-0000-000000000003', 'Flanker', CURRENT_DATE)
ON CONFLICT DO NOTHING;
